id,commune,population
1,Aeugst am Albis,1977
10,Obfelden,5131
100,Stadel,2227
1001,Doppleschwand,767
1002,Entlebuch,3367
1004,Flühli,1937
1005,Hasle (LU),1746
1007,Romoos,667
1008,Schüpfheim,4188
1009,Werthenstein,2040
101,Steinmaur,3464
1010,Escholzmatt-Marbach,4358
102,Weiach,1483
1021,Aesch (LU),1141
1022,Altwis,411
1023,Ballwil,2794
1024,Emmen,30228
1025,Ermensee,955
1026,Eschenbach (LU),3684
1030,Hitzkirch,5190
1031,Hochdorf,9814
1032,Hohenrain,2531
1033,Inwil,2429
1037,Rain,2659
1039,Römerswil,1763
1040,Rothenburg,7430
1041,Schongau,1020
1051,Adligenswil,5352
1052,Buchrain,6192
1053,Dierikon,1481
1054,Ebikon,13313
1055,Gisikon,1287
1056,Greppen,1052
1057,Honau,363
1058,Horw,13884
1059,Kriens,27110
1061,Luzern,81592
1062,Malters,7108
1063,Meggen,7002
1064,Meierskappel,1371
1065,Root,4754
1066,Schwarzenberg,1719
1067,Udligenswil,2285
1068,Vitznau,1339
1069,Weggis,4381
1081,Beromünster,6517
1082,Büron,2357
1083,Buttisholz,3248
1084,Eich,1658
1085,Geuensee,2906
1086,Grosswangen,3162
1088,Hildisrieden,2214
1089,Knutwil,2154
1091,Mauensee,1414
1093,Neuenkirch,6957
1094,Nottwil,3728
1095,Oberkirch,4636
1097,Rickenbach (LU),3248
1098,Ruswil,6908
1099,Schenkon,2816
11,Ottenbach,2591
1100,Schlierbach,840
1102,Sempach,4106
1103,Sursee,9621
1104,Triengen,4587
1107,Wolhusen,4299
111,Bäretswil,5060
112,Bubikon,7115
1121,Alberswil,648
1122,Altbüron,1013
1123,Altishofen,1548
1125,Dagmersellen,5287
1126,Ebersecken,395
1127,Egolzwil,1439
1128,Ettiswil,2718
1129,Fischbach,699
113,Dürnten,7530
1130,Gettnau,1120
1131,Grossdietwil,838
1132,Hergiswil bei Willisau,1890
1135,Luthern,1281
1136,Menznau,2897
1137,Nebikon,2600
1139,Pfaffnau,2653
114,Fischenthal,2480
1140,Reiden,7008
1142,Roggliswil,682
1143,Schötz,4272
1145,Ufhusen,891
1146,Wauwil,2130
1147,Wikon,1506
115,Gossau (ZH),9827
1150,Zell (LU),2025
1151,Willisau,7777
116,Grüningen,3401
117,Hinwil,11095
118,Rüti (ZH),12086
119,Seegräben,1443
12,Rifferswil,1078
120,Wald (ZH),9645
1201,Altdorf (UR),9211
1202,Andermatt,1355
1203,Attinghausen,1650
1204,Bauen,164
1205,Bürglen (UR),4021
1206,Erstfeld,3765
1207,Flüelen,2002
1208,Göschenen,450
1209,Gurtnellen,563
121,Wetzikon (ZH),24640
1210,Hospental,188
1211,Isenthal,503
1212,Realp,145
1213,Schattdorf,5248
1214,Seedorf (UR),1794
1215,Seelisberg,683
1216,Silenen,2045
1217,Sisikon,373
1218,Spiringen,834
1219,Unterschächen,710
1220,Wassen,441
13,Stallikon,3646
1301,Einsiedeln,15361
131,Adliswil,18742
1311,Gersau,2260
132,Hirzel,2185
1321,Feusisberg,5237
1322,Freienbach,16196
1323,Wollerau,7102
133,Horgen,20291
1331,Küssnacht (SZ),12512
134,Hütten,900
1341,Altendorf,6907
1342,Galgenen,5199
1343,Innerthal,193
1344,Lachen,8599
1345,Reichenburg,3566
1346,Schübelbach,9073
1347,Tuggen,3239
1348,Vorderthal,1016
1349,Wangen (SZ),4989
135,Kilchberg (ZH),8380
136,Langnau am Albis,7502
1361,Alpthal,612
1362,Arth,11735
1363,Illgau,794
1364,Ingenbohl,8758
1365,Lauerz,1067
1366,Morschach,1107
1367,Muotathal,3543
1368,Oberiberg,885
1369,Riemenstalden,88
137,Oberrieden,5035
1370,Rothenthurm,2375
1371,Sattel,1926
1372,Schwyz,14885
1373,Steinen,3358
1374,Steinerberg,916
1375,Unteriberg,2365
138,Richterswil,13352
139,Rüschlikon,5744
14,Wettswil am Albis,5123
140,Schönenberg (ZH),1849
1401,Alpnach,5997
1402,Engelberg,4134
1403,Giswil,3631
1404,Kerns,6194
1405,Lungern,2129
1406,Sachseln,5060
1407,Sarnen,10233
141,Thalwil,17789
142,Wädenswil,21797
1501,Beckenried,3567
1502,Buochs,5389
1503,Dallenwil,1832
1504,Emmetten,1384
1505,Ennetbürgen,4567
1506,Ennetmoos,2108
1507,Hergiswil (NW),5682
1508,Oberdorf (NW),3135
1509,Stans,8333
151,Erlenbach (ZH),5517
1510,Stansstad,4423
1511,Wolfenschiessen,2136
152,Herrliberg,6300
153,Hombrechtikon,8620
154,Küsnacht (ZH),14192
155,Männedorf,10830
156,Meilen,13762
157,Oetwil am See,4743
158,Stäfa,14291
159,Uetikon am See,6076
160,Zumikon,5158
161,Zollikon,12791
1630,Glarus Nord,18057
1631,Glarus Süd,9575
1632,Glarus,12515
1701,Baar,24129
1702,Cham,16216
1703,Hünenberg,8827
1704,Menzingen,4467
1705,Neuheim,2219
1706,Oberägeri,5994
1707,Risch,10355
1708,Steinhausen,9735
1709,Unterägeri,8576
1710,Walchwil,3626
1711,Zug,29804
172,Fehraltorf,6361
173,Hittnau,3604
176,Lindau,5489
177,Pfäffikon,11774
178,Russikon,4361
180,Weisslingen,3278
181,Wila,1947
182,Wildberg,985
191,Dübendorf,27689
192,Egg,8405
193,Fällanden,8417
194,Greifensee,5381
195,Maur,10067
196,Mönchaltorf,3701
197,Schwerzenbach,5069
198,Uster,34319
199,Volketswil,18582
2,Affoltern am Albis,11900
200,Wangen-Brüttisellen,7860
2004,Bussy (FR),496
2005,Châbles,788
2008,Châtillon (FR),459
2009,Cheiry,388
2010,Cheyres,1434
2011,Cugy (FR),1690
2015,Estavayer-le-Lac,6291
2016,Fétigny,978
2022,Gletterens,1033
2025,Lully (FR),1163
2027,Ménières,410
2029,Montagny (FR),2404
2033,Morens (FR),178
2034,Murist,631
2035,Nuvilly,407
2038,Prévondavaux,69
2039,Rueyres-les-Prés,474
2041,Saint-Aubin (FR),1706
2043,Sévaz,278
2044,Surpierre,328
2045,Vallon,412
2047,Villeneuve (FR),384
2049,Vuissens,254
2050,Les Montets,1423
2051,Delley-Portalban,1086
2052,Vernay,1110
2053,Belmont-Broye,5402
2061,Auboranges,282
2063,Billens-Hennens,729
2066,Chapelle (Glâne),277
2067,Le Châtelard,385
2068,Châtonnaye,823
2072,Ecublens (FR),332
2079,Grangettes,185
2086,Massonnens,510
2087,Mézières (FR),998
2089,Montet (Glâne),389
2096,Romont (FR),5204
2097,Rue,1500
2099,Siviriez,2214
21,Adlikon,666
2102,Ursy,3030
211,Altikon,658
2111,Villaz-Saint-Pierre,1285
2113,Vuisternens-devant-Romont,2271
2114,Villorsonnens,1347
2115,Torny,896
2116,La Folliaz,971
2121,Haut-Intyamon,1541
2122,Pont-en-Ogoz,1801
2123,Botterens,569
2124,Broc,2632
2125,Bulle,22523
2128,Châtel-sur-Montsalvens,276
2129,Corbières,857
213,Brütten,2030
2130,Crésuz,333
2131,Echarlens,802
2134,Grandvillard,812
2135,Gruyères,2194
2137,Hauteville,663
2138,Jaun,671
214,Dägerlen,999
2140,Marsens,1871
2143,Morlon,587
2145,Le Pâquier (FR),1168
2147,Pont-la-Ville,584
2148,Riaz,2496
2149,La Roche,1644
215,Dättlikon,781
2152,Sâles,1446
2153,Sorens,1082
2155,Vaulruz,1045
216,Dinhard,1534
2160,Vuadens,2296
2162,Bas-Intyamon,1324
2163,Val-de-Charmey,2435
217,Elgg,4323
2171,Arconciel,913
2173,Autigny,792
2174,Avry,1864
2175,Belfaux,3348
2177,Chénens,844
2179,Chésopelloz,130
218,Ellikon an der Thur,891
2183,Corminboeuf,2324
2185,Corserey,409
2186,Cottens (FR),1473
2189,Ependes (FR),1117
219,Elsau,3558
2194,Ferpicloz,277
2196,Fribourg,38829
2197,Givisiez,3178
2198,Granges-Paccot,3606
22,Benken (ZH),857
220,Hagenbuch,1095
2200,Grolley,1945
2206,Marly,8185
2208,Matran,1533
221,Hettlingen,3168
2211,Neyruz (FR),2587
2213,Noréaz,652
2216,Pierrafortscha,148
2217,Ponthaux,723
222,Hofstetten (ZH),498
2220,Le Mouret,3156
2221,Prez-vers-Noréaz,1043
2225,Senèdes,157
2226,Treyvaux,1449
2228,Villars-sur-Glâne,12128
223,Neftenbach,5564
2230,Villarsel-sur-Marly,79
2233,Hauterive (FR),2431
2234,La Brillaz,1983
2235,La Sonnaz,1092
2236,Gibloux,7236
224,Pfungen,3769
2243,Barberêche,544
225,Rickenbach (ZH),2701
2250,Courgevaux,1408
2254,Courtepin,3751
2257,Cressier (FR),942
2258,Fräschels,461
2259,Galmiz,672
226,Schlatt (ZH),745
2260,Gempenach,297
2261,Greng,175
2262,Gurmels,4181
2265,Kerzers,4911
2266,Kleinbösingen,641
227,Seuzach,7265
2271,Meyriez,580
2272,Misery-Courtion,1909
2274,Muntelier,953
2275,Murten,8168
2276,Ried bei Kerzers,1159
2278,Ulmiz,424
2279,Villarepos,648
228,Turbenthal,4681
2283,Wallenried,455
2284,Mont-Vully,3556
2291,Alterswil,2037
2292,Brünisried,648
2293,Düdingen,7825
2294,Giffers,1561
2295,Bösingen,3412
2296,Heitenried,1365
2298,Oberschrot,1184
2299,Plaffeien,1997
23,Berg am Irchel,567
230,Winterthur,109775
2300,Plasselb,1040
2301,Rechthalten,1068
2302,St. Antoni,2044
2303,St. Silvester,986
2304,St. Ursen,1319
2305,Schmitten (FR),4072
2306,Tafers,3330
2307,Tentlingen,1323
2308,Ueberstorf,2343
2309,Wünnewil-Flamatt,5470
231,Zell (ZH),5756
2310,Zumholz,385
2321,Attalens,3353
2323,Bossonnens,1475
2325,Châtel-Saint-Denis,6528
2328,Granges (Veveyse),847
2333,Remaufens,1086
2335,Saint-Martin (FR),1015
2336,Semsales,1435
2337,Le Flon,1186
2338,La Verrerie,1158
24,Buch am Irchel,957
2401,Egerkingen,3527
2402,Härkingen,1554
2403,Kestenholz,1795
2404,Neuendorf,2089
2405,Niederbuchsiten,1142
2406,Oberbuchsiten,2173
2407,Oensingen,6263
2408,Wolfwil,2144
241,Aesch (ZH),1275
242,Birmensdorf (ZH),6313
2421,Aedermannsdorf,556
2422,Balsthal,6099
2423,Gänsbrunnen,91
2424,Herbetswil,541
2425,Holderbank (SO),664
2426,Laupersdorf,1729
2427,Matzendorf,1323
2428,Mümliswil-Ramiswil,2456
2429,Welschenrohr,1082
243,Dietikon,27076
244,Geroldswil,4958
2445,Biezwil,340
245,Oberengstringen,6611
2455,Lüterkofen-Ichertswil,783
2456,Lüterswil-Gächliwil,327
2457,Messen,1484
246,Oetwil an der Limmat,2451
2461,Schnottwil,1082
2463,Unterramsern,207
2464,Lüsslingen-Nennigkofen,1062
2465,Buchegg,2532
247,Schlieren,18749
2471,Bättwil,1195
2472,Büren (SO),1008
2473,Dornach,6611
2474,Gempen,884
2475,Hochwald,1308
2476,Hofstetten-Flüh,3183
2477,Metzerlen-Mariastein,934
2478,Nuglar-St. Pantaleon,1503
2479,Rodersdorf,1313
248,Uitikon,4155
2480,Seewen,1017
2481,Witterswil,1486
249,Unterengstringen,3758
2491,Hauenstein-Ifenthal,309
2492,Kienberg,527
2493,Lostorf,3942
2495,Niedergösgen,3831
2497,Obergösgen,2199
2498,Rohr (SO),95
2499,Stüsslingen,1062
25,Dachsen,1998
250,Urdorf,9657
2500,Trimbach,6553
2501,Winznau,1827
2502,Wisen (SO),403
2503,Erlinsbach (SO),3447
251,Weiningen (ZH),4770
2511,Aeschi (SO),1213
2513,Biberist,8370
2514,Bolken,590
2516,Deitingen,2224
2517,Derendingen,6437
2518,Etziken,825
2519,Gerlafingen,5065
2520,Halten,873
2523,Horriwil,870
2524,Hüniken,100
2525,Kriegstetten,1282
2526,Lohn-Ammannsegg,2772
2527,Luterbach,3506
2528,Obergerlafingen,1137
2529,Oekingen,833
2530,Recherswil,1932
2532,Subingen,3102
2534,Zuchwil,8842
2535,Drei Höfe,731
2541,Balm bei Günsberg,203
2542,Bellach,5239
2543,Bettlach,4905
2544,Feldbrunnen-St. Niklaus,982
2545,Flumenthal,964
2546,Grenchen,16985
2547,Günsberg,1181
2548,Hubersdorf,742
2549,Kammersrohr,30
2550,Langendorf,3732
2551,Lommiswil,1501
2553,Oberdorf (SO),1685
2554,Riedholz,2296
2555,Rüttenen,1491
2556,Selzach,3397
2571,Boningen,770
2572,Däniken,2776
2573,Dulliken,4910
2574,Eppenberg-Wöschnau,325
2575,Fulenbach,1742
2576,Gretzenbach,2703
2578,Gunzgen,1659
2579,Hägendorf,4949
2580,Kappel (SO),3157
2581,Olten,18166
2582,Rickenbach (SO),904
2583,Schönenwerd,4948
2584,Starrkirch-Wil,1706
2585,Walterswil (SO),696
2586,Wangen bei Olten,5087
26,Dorf,629
2601,Solothurn,16697
261,Zürich,402762
2611,Bärschwil,817
2612,Beinwil (SO),246
2613,Breitenbach,3849
2614,Büsserach,2251
2615,Erschwil,906
2616,Fehren,594
2617,Grindel,491
2618,Himmelried,926
2619,Kleinlützel,1255
2620,Meltingen,663
2621,Nunningen,1878
2622,Zullwil,651
27,Feuerthalen,3596
2701,Basel,171017
2702,Bettingen,1158
2703,Riehen,20895
2761,Aesch (BL),10184
2762,Allschwil,20695
2763,Arlesheim,9287
2764,Biel-Benken,3408
2765,Binningen,15391
2766,Birsfelden,10469
2767,Bottmingen,6528
2768,Ettingen,5041
2769,Münchenstein,12119
2770,Muttenz,17723
2771,Oberwil (BL),11245
2772,Pfeffingen,2363
2773,Reinach (BL),19021
2774,Schönenbuch,1391
2775,Therwil,10008
2781,Blauen,694
2782,Brislach,1638
2783,Burg im Leimental,261
2784,Dittingen,740
2785,Duggingen,1540
2786,Grellingen,1850
2787,Laufen,5535
2788,Liesberg,1131
2789,Nenzlingen,430
2790,Roggenburg,281
2791,Röschenz,1831
2792,Wahlen,1421
2793,Zwingen,2274
28,Flaach,1362
2821,Arisdorf,1657
2822,Augst,1001
2823,Bubendorf,4401
2824,Frenkendorf,6507
2825,Füllinsdorf,4404
2826,Giebenach,1039
2827,Hersberg,330
2828,Lausen,5054
2829,Liestal,14148
2830,Lupsingen,1405
2831,Pratteln,16153
2832,Ramlinsburg,712
2833,Seltisberg,1306
2834,Ziefen,1542
2841,Anwil,581
2842,Böckten,799
2843,Buckten,696
2844,Buus,999
2845,Diepflingen,746
2846,Gelterkinden,6013
2847,Häfelfingen,253
2848,Hemmiken,260
2849,Itingen,2096
2850,Känerkinden,523
2851,Kilchberg (BL),157
2852,Läufelfingen,1314
2853,Maisprach,944
2854,Nusshof,257
2855,Oltingen,486
2856,Ormalingen,2176
2857,Rickenbach (BL),601
2858,Rothenfluh,767
2859,Rümlingen,388
2860,Rünenberg,777
2861,Sissach,6733
2862,Tecknau,858
2863,Tenniken,934
2864,Thürnen,1419
2865,Wenslingen,709
2866,Wintersingen,609
2867,Wittinsburg,421
2868,Zeglingen,485
2869,Zunzgen,2498
2881,Arboldswil,561
2882,Bennwil,641
2883,Bretzwil,775
2884,Diegten,1623
2885,Eptingen,520
2886,Hölstein,2457
2887,Lampenberg,503
2888,Langenbruck,955
2889,Lauwil,333
2890,Liedertswil,166
2891,Niederdorf,1825
2892,Oberdorf (BL),2430
2893,Reigoldswil,1591
2894,Titterten,408
2895,Waldenburg,1179
29,Flurlingen,1434
2901,Gächlingen,828
2903,Löhningen,1444
2904,Neunkirch,2131
2914,Büttenhardt,360
2915,Dörflingen,982
2917,Lohn (SH),765
2919,Stetten (SH),1348
2920,Thayngen,5422
2931,Bargen (SH),302
2932,Beringen,4656
2933,Buchberg,823
2936,Merishausen,859
2937,Neuhausen am Rheinfall,10407
2938,Rüdlingen,749
2939,Schaffhausen,36148
2951,Beggingen,476
2952,Schleitheim,1675
2953,Siblingen,847
296,Illnau-Effretikon,16796
2961,Buch (SH),313
2962,Hemishofen,472
2963,Ramsen,1443
2964,Stein am Rhein,3421
297,Bauma,4909
2971,Hallau,2118
2972,Oberhallau,446
2973,Trasadingen,603
2974,Wilchingen,1731
298,Wiesendangen,6296
3,Bonstetten,5435
30,Andelfingen,2224
3001,Herisau,15730
3002,Hundwil,956
3003,Schönengrund,516
3004,Schwellbrunn,1565
3005,Stein (AR),1418
3006,Urnäsch,2271
3007,Waldstatt,1767
301,Aarberg,4527
302,Bargen (BE),1004
3021,Bühler,1746
3022,Gais,3106
3023,Speicher,4227
3024,Teufen (AR),6201
3025,Trogen,1750
303,Grossaffoltern,3005
3031,Grub (AR),1040
3032,Heiden,4210
3033,Lutzenberg,1243
3034,Rehetobel,1773
3035,Reute (AR),699
3036,Wald (AR),864
3037,Walzenhausen,2034
3038,Wolfhalden,1838
304,Kallnach,1910
305,Kappelen,1475
306,Lyss,14706
307,Meikirch,2465
309,Radelfingen,1240
31,Henggart,2242
310,Rapperswil (BE),2608
3101,Appenzell,5825
3102,Gonten,1434
3103,Rüte,3543
3104,Schlatt-Haslen,1102
3105,Schwende,2193
311,Schüpfen,3719
3111,Oberegg,1906
312,Seedorf (BE),3097
32,Humlikon,496
3201,Häggenschwil,1310
3202,Muolen,1208
3203,St. Gallen,75481
3204,Wittenbach,9779
321,Aarwangen,4518
3211,Berg (SG),843
3212,Eggersriet,2293
3213,Goldach,9052
3214,Mörschwil,3569
3215,Rorschach,9408
3216,Rorschacherberg,7090
3217,Steinach,3568
3218,Tübach,1418
3219,Untereggen,1060
322,Auswil,450
323,Bannwil,690
3231,Au (SG),7541
3232,Balgach,4598
3233,Berneck,3956
3234,Diepoldsau,6456
3235,Rheineck,3452
3236,St. Margrethen,5841
3237,Thal,6396
3238,Widnau,9490
324,Bleienbach,695
325,Busswil bei Melchnau,185
3251,Altstätten,11438
3252,Eichberg,1537
3253,Marbach (SG),2095
3254,Oberriet (SG),8811
3255,Rebstein,4480
3256,Rüthi (SG),2305
326,Gondiswil,733
3271,Buchs (SG),12531
3272,Gams,3339
3273,Grabs,6884
3274,Sennwald,5455
3275,Sevelen,4999
3276,Wartau,5237
329,Langenthal,15501
3291,Bad Ragaz,5874
3292,Flums,4919
3293,Mels,8605
3294,Pfäfers,1572
3295,Quarten,2873
3296,Sargans,6063
3297,Vilters-Wangs,4738
3298,Walenstadt,5590
33,Kleinandelfingen,2067
331,Lotzwil,2557
3311,Amden,1793
3312,Benken (SG),2916
3313,Kaltbrunn,4791
3315,Schänis,3758
3316,Weesen,1635
332,Madiswil,3239
333,Melchnau,1531
3338,Schmerikon,3738
3339,Uznach,6340
334,Obersteckholz,414
3340,Rapperswil-Jona,26962
3341,Gommiswald,5053
3342,Eschenbach (SG),9245
335,Oeschenbach,240
3352,Ebnat-Kappel,5034
3359,Wildhaus-Alt St. Johann,2667
336,Reisiswil,185
3360,Nesslau,3611
337,Roggwil (BE),3996
3372,Hemberg,914
3374,Lichtensteig,1907
3375,Oberhelfenschwil,1296
3378,Neckertal,4014
3379,Wattwil,8630
338,Rohrbach,1436
339,Rohrbachgraben,397
3392,Kirchberg (SG),8977
3393,Lütisburg,1541
3394,Mosnang,2890
3395,Bütschwil-Ganterschwil,4734
34,Laufen-Uhwiesen,1650
340,Rütschelen,568
3401,Degersheim,3986
3402,Flawil,10505
3405,Jonschwil,3788
3407,Oberuzwil,6423
3408,Uzwil,12816
341,Schwarzhäusern,506
342,Thunstetten,3338
3422,Niederbüren,1530
3423,Niederhelfenschwil,3069
3424,Oberbüren,4358
3426,Zuzwil (SG),4816
3427,Wil (SG),23751
344,Ursenbach,903
3441,Andwil (SG),1909
3442,Gaiserwald,8437
3443,Gossau (SG),18055
3444,Waldkirch,3509
345,Wynau,1637
35,Marthalen,1938
3503,Mutten,67
3506,Obervaz,2716
351,Bern,133115
3513,Lenz,538
3514,Schmitten (GR),245
352,Bolligen,6250
3521,Bravuogn,503
3522,Filisur,458
353,Bremgarten bei Bern,4386
354,Kirchlindach,3029
3542,Alvra,1331
3543,Surses,2356
355,Köniz,40938
3551,Brusio,1122
356,Muri bei Bern,13037
3561,Poschiavo,3534
357,Oberbalm,874
3572,Falera,608
3575,Laax,1725
358,Stettlen,3141
3581,Sagogn,702
3582,Schluein,624
359,Vechigen,5240
36,Oberstammheim,1191
360,Wohlen bei Bern,9136
3603,Vals,984
361,Zollikofen,10235
3611,Andiast,204
3616,Vuorz,333
3618,Lumnezia,2068
3619,Glion,4736
362,Ittigen,11388
363,Ostermundigen,17127
3633,Fürstenau,345
3637,Rothenbrunnen,304
3638,Scharans,818
3640,Sils im Domleschg,926
3661,Cazis,2132
3662,Flerden,247
3663,Masein,478
3668,Thusis,3044
3669,Tschappina,128
3670,Urmein,147
3672,Safiental,897
3673,Domleschg,1954
3681,Avers,168
3691,Hinterrhein,68
3693,Nufenen,150
3694,Splügen,377
3695,Sufers,126
37,Ossingen,1456
3701,Andeer,948
3703,Casti-Wergenstein,52
3705,Donat,214
3707,Lohn (GR),44
3708,Mathon,51
371,Bienne,54456
3711,Rongellen,61
3712,Zillis-Reischen,391
3713,Ferrera,79
372,Evilard,2601
3721,Bonaduz,3229
3722,Ems,8043
3723,Rhäzüns,1463
3731,Felsberg,2547
3732,Flims,2722
3733,Tamins,1201
3734,Trin,1340
3746,Zernez,1540
3752,Samnaun,758
3762,Scuol,4638
3764,Valsot,876
3781,Bever,616
3782,Schlarigna,1499
3783,Madulain,216
3784,Pontresina,2197
3785,La Punt-Chamues-ch,745
3786,Samedan,2980
3787,St. Moritz,5084
3788,S-chanf,694
3789,Segl,714
3790,Silvaplana,1054
3791,Zuoz,1214
3792,Bregaglia,1537
38,Rheinau,1302
3804,Buseno,92
3805,Castaneda,273
3808,Rossa,148
381,Arch,1540
3810,Santa Maria in Calanca,110
382,Büetigen,859
3821,Lostallo,785
3822,Mesocco,1354
3823,Soazza,353
383,Büren an der Aare,3596
3831,Cama,572
3832,Grono,1023
3833,Leggia,161
3834,Roveredo (GR),2484
3835,San Vittore,788
3836,Verdabbio,156
3837,Calanca,192
3847,Val Müstair,1538
385,Diessbach bei Büren,992
3851,Davos,11060
386,Dotzigen,1501
3861,Fideris,622
3862,Furna,215
3863,Jenaz,1168
387,Lengnau (BE),5071
3871,Klosters-Serneus,4476
388,Leuzigen,1250
3881,Conters im Prättigau,221
3882,Küblis,860
389,Meienried,53
3891,Luzein,1550
39,Thalheim an der Thur,919
390,Meinisberg,1311
3901,Chur,34880
391,Oberwil bei Büren,832
3911,Churwalden,1998
392,Pieterlen,4169
3921,Arosa,3219
3926,Maladers,523
393,Rüti bei Büren,848
3932,Tschiertschen-Praden,327
394,Wengi,592
3941,Haldenstein,1030
3945,Trimmis,3301
3946,Untervaz,2491
3947,Zizers,3431
3951,Fläsch,691
3952,Jenins,902
3953,Maienfeld,2835
3954,Malans,2310
3955,Landquart,8854
3961,Grüsch,2049
3962,Schiers,2627
3972,Seewis im Prättigau,1397
3981,Brigels,1263
3982,Mustér,2098
3983,Medel (Lucmagn),385
3985,Sumvitg,1216
3986,Tujetsch,1285
3987,Trun,1180
3988,Obersaxen Mundaun,1147
4,Hausen am Albis,3571
40,Trüllikon,1064
4001,Aarau,21036
4002,Biberstein,1545
4003,Buchs (AG),7911
4004,Densbüren,708
4005,Erlinsbach (AG),4091
4006,Gränichen,7624
4007,Hirschthal,1584
4008,Küttigen,6081
4009,Muhen,3879
401,Aefligen,1089
4010,Oberentfelden,7743
4012,Suhr,9990
4013,Unterentfelden,4102
402,Alchenstorf,589
4021,Baden,19222
4022,Bellikon,1549
4023,Bergdietikon,2751
4024,Birmenstorf (AG),2967
4026,Ennetbaden,3415
4027,Fislisbach,5526
4028,Freienwil,1035
4029,Gebenstorf,5157
403,Bäriswil,1054
4030,Killwangen,1981
4031,Künten,1700
4032,Mägenwil,2114
4033,Mellingen,5369
4034,Neuenhof,8750
4035,Niederrohrdorf,3747
4037,Oberrohrdorf,4082
4038,Obersiggenthal,8663
4039,Remetschwil,2104
404,Burgdorf,16295
4040,Spreitenbach,11531
4041,Stetten (AG),2203
4042,Turgi,3031
4044,Untersiggenthal,7224
4045,Wettingen,20535
4046,Wohlenschwil,1538
4047,Würenlingen,4618
4048,Würenlos,6336
4049,Ehrendingen,4775
405,Ersigen,2010
406,Hasle bei Burgdorf,3331
4061,Arni (AG),1868
4062,Berikon,4663
4063,Bremgarten (AG),7742
4064,Büttikon,1002
4065,Dottikon,3891
4066,Eggenwil,976
4067,Fischbach-Göslikon,1630
4068,Hägglingen,2448
407,Heimiswil,1589
4071,Jonen,2037
4072,Niederwil (AG),2850
4073,Oberlunkhofen,1978
4074,Oberwil-Lieli,2313
4075,Rudolfstetten-Friedlisberg,4489
4076,Sarmenstorf,2851
4077,Tägerig,1519
4078,Uezwil,460
4079,Unterlunkhofen,1355
408,Hellsau,206
4080,Villmergen,7210
4081,Widen,3651
4082,Wohlen (AG),15824
4083,Zufikon,4404
4084,Islisberg,632
409,Hindelbank,2458
4091,Auenstein,1584
4092,Birr,4522
4093,Birrhard,695
4094,Bözen,740
4095,Brugg,11204
4096,Effingen,603
4097,Elfingen,284
4099,Habsburg,424
41,Truttikon,469
410,Höchstetten,287
4100,Hausen (AG),3491
4104,Lupfig,2373
4105,Mandach,344
4106,Mönthal,388
4107,Mülligen,1054
411,Kernenried,539
4110,Remigen,1069
4111,Riniken,1486
4112,Rüfenach,869
4113,Scherz,652
4114,Schinznach-Bad,1321
4117,Thalheim (AG),824
412,Kirchberg (BE),5909
4120,Veltheim (AG),1447
4121,Villigen,2043
4122,Villnachern,1624
4123,Windisch,7492
4124,Bözberg,1563
4125,Schinznach,2219
413,Koppigen,2103
4131,Beinwil am See,3117
4132,Birrwil,1186
4133,Burg (AG),1019
4134,Dürrenäsch,1213
4135,Gontenschwil,2111
4136,Holziken,1320
4137,Leimbach (AG),475
4138,Leutwil,772
4139,Menziken,6066
414,Krauchthal,2344
4140,Oberkulm,2684
4141,Reinach (AG),8270
4142,Schlossrued,841
4143,Schmiedrued,1176
4144,Schöftland,4239
4145,Teufenthal (AG),1575
4146,Unterkulm,3027
4147,Zetzwil,1319
415,Lyssach,1430
416,Mötschwil,134
4161,Eiken,2255
4163,Frick,5319
4164,Gansingen,1019
4165,Gipf-Oberfrick,3512
4166,Herznach,1471
4167,Hornussen,957
4169,Kaisten,2582
4170,Laufenburg,3569
4172,Münchwilen (AG),911
4173,Oberhof,598
4175,Oeschgen,965
4176,Schwaderloch,684
4177,Sisseln,1564
4179,Ueken,906
418,Oberburg,2940
4181,Wittnau,1255
4182,Wölflinswil,1027
4183,Zeihen,1116
4184,Mettauertal,1933
4191,Ammerswil,690
4192,Boniswil,1390
4193,Brunegg,738
4194,Dintikon,2188
4195,Egliswil,1352
4196,Fahrwangen,2061
4197,Hallwil,872
4198,Hendschiken,1208
4199,Holderbank (AG),1178
42,Unterstammheim,899
420,Rüdtligen-Alchenflüh,2423
4200,Hunzenschwil,3954
4201,Lenzburg,9503
4202,Meisterschwanden,2885
4203,Möriken-Wildegg,4394
4204,Niederlenz,4685
4205,Othmarsingen,2721
4206,Rupperswil,5388
4207,Schafisheim,3071
4208,Seengen,3854
4209,Seon,5127
421,Rumendingen,81
4210,Staufen,3160
422,Rüti bei Lyssach,161
4221,Abtwil,997
4222,Aristau,1413
4223,Auw,2064
4224,Beinwil (Freiamt),1110
4226,Besenbüren,616
4227,Bettwil,617
4228,Boswil,2808
4229,Bünzen,1037
423,Willadingen,206
4230,Buttwil,1210
4231,Dietwil,1310
4232,Geltwil,199
4233,Kallern,354
4234,Merenschwand,3491
4235,Mühlau,1096
4236,Muri (AG),7638
4237,Oberrüti,1575
4238,Rottenschwil,790
4239,Sins,4302
424,Wynigen,2022
4240,Waltenschwil,2820
4251,Hellikon,797
4252,Kaiseraugst,5572
4253,Magden,3932
4254,Möhlin,10913
4255,Mumpf,1392
4256,Obermumpf,1051
4257,Olsberg,357
4258,Rheinfelden,13337
4259,Schupfart,812
4260,Stein (AG),3215
4261,Wallbach,1920
4262,Wegenstetten,1079
4263,Zeiningen,2278
4264,Zuzgen,873
4271,Aarburg,7854
4272,Attelwil,284
4273,Bottenwil,797
4274,Brittnau,3882
4275,Kirchleerau,853
4276,Kölliken,4336
4277,Moosleerau,903
4279,Murgenthal,2920
4280,Oftringen,13511
4281,Reitnau,1269
4282,Rothrist,8853
4283,Safenwil,3740
4284,Staffelbach,1109
4285,Strengelbach,4669
4286,Uerkheim,1359
4287,Vordemwald,1942
4288,Wiliberg,167
4289,Zofingen,11560
43,Volken,341
4301,Baldingen,275
4302,Böbikon,170
4303,Böttstein,3942
4304,Döttingen,3864
4305,Endingen,2584
4306,Fisibach,458
4307,Full-Reuenthal,880
4308,Kaiserstuhl,414
4309,Klingnau,3340
431,Corgémont,1669
4310,Koblenz,1632
4311,Leibstadt,1283
4312,Lengnau (AG),2680
4313,Leuggern,2129
4314,Mellikon,256
4315,Rekingen (AG),1003
4316,Rietheim,740
4317,Rümikon,309
4318,Schneisingen,1360
4319,Siglistorf,636
432,Cormoret,480
4320,Tegerfelden,1204
4322,Wislikofen,358
4323,Bad Zurzach,4165
433,Cortébert,700
434,Courtelary,1366
435,La Ferrière,542
437,Mont-Tramelan,116
438,Orvin,1211
44,Waltalingen,657
4401,Arbon,14340
4406,Dozwil,728
441,Renan (BE),905
4411,Egnach,4699
4416,Hefenhofen,1244
442,Romont (BE),195
4421,Horn,2604
4426,Kesswil,996
443,Saint-Imier,5121
4431,Roggwil (TG),3065
4436,Romanshorn,10803
444,Sonceboz-Sombeval,1922
4441,Salmsach,1457
4446,Sommeri,549
445,Sonvilier,1266
4451,Uttwil,1858
446,Tramelan,4565
4461,Amriswil,13346
4471,Bischofszell,5947
4476,Erlen,3649
448,Villeret,932
4486,Hauptwil-Gottshaus,1920
449,Sauge,834
4495,Hohentannen,598
450,Péry-La Heutte,1919
4501,Kradolf-Schönenberg,3535
4506,Sulgen,3741
4511,Zihlschlacht-Sitterdorf,2281
4536,Basadingen-Schlattingen,1815
4545,Diessenhofen,3767
4546,Schlatt (TG),1665
4551,Aadorf,8865
4561,Felben-Wellhausen,2749
4566,Frauenfeld,25200
4571,Gachnang,4225
4590,Hüttlingen,840
4591,Matzingen,2692
4601,Neunforn,995
4606,Stettfurt,1196
4611,Thundorf,1462
4616,Uesslingen-Buch,1079
4621,Warth-Weiningen,1260
4641,Altnau,2161
4643,Bottighofen,2188
4646,Ermatingen,3308
4651,Gottlieben,326
4656,Güttingen,1568
4666,Kemmental,2465
4671,Kreuzlingen,21560
4681,Langrickenbach,1285
4683,Lengwil,1686
4691,Münsterlingen,3333
4696,Tägerwilen,4524
4701,Wäldi,1049
4711,Affeltrangen,2520
4716,Bettwiesen,1177
4721,Bichelsee-Balterswil,2826
4723,Braunau,763
4724,Eschlikon,4309
4726,Fischingen,2686
4741,Lommis,1217
4746,Münchwilen (TG),5377
4751,Rickenbach (TG),2773
4756,Schönholzerswilen,838
4761,Sirnach,7738
4776,Tobel-Tägerschen,1596
4781,Wängi,4632
4786,Wilen (TG),2490
4791,Wuppenau,1133
4801,Berlingen,884
4806,Eschenz,1729
4811,Herdern,1030
4816,Homburg,1537
4821,Hüttwilen,1705
4826,Mammern,653
4831,Müllheim,2939
4841,Pfyn,1951
4846,Raperswilen,391
4851,Salenstein,1288
4864,Steckborn,3754
4871,Wagenhausen,1661
4881,Amlikon-Bissegg,1311
4891,Berg (TG),3308
4901,Birwinken,1338
491,Brüttelen,590
4911,Bürglen (TG),3751
492,Erlach,1450
4921,Bussnang,2268
493,Finsterhennen,586
494,Gals,793
4941,Märstetten,2802
4946,Weinfelden,11288
495,Gampelen,936
4951,Wigoltingen,2423
496,Ins,3496
497,Lüscherz,530
498,Müntschemier,1342
499,Siselen,571
5,Hedingen,3687
500,Treiten,426
5001,Arbedo-Castione,4944
5002,Bellinzona,18347
5003,Cadenazzo,2855
5004,Camorino,2809
5005,Giubiasco,8751
5006,Gnosca,752
5007,Gorduno,817
5008,Gudo,839
5009,Isone,384
501,Tschugg,440
5010,Lumino,1448
5012,Moleno,123
5013,Monte Carasso,2872
5014,Pianezzo,605
5015,Preonzo,614
5017,Sant'Antonino,2452
5018,Sant'Antonio,234
5019,Sementina,3217
502,Vinelz,854
5048,Acquarossa,1850
5049,Blenio,1816
5050,Serravalle,2101
5061,Airolo,1526
5063,Bedretto,109
5064,Bodio,1038
5071,Dalpe,192
5072,Faido,2978
5073,Giornico,879
5076,Personico,340
5077,Pollegio,780
5078,Prato (Leventina),424
5079,Quinto,1069
5091,Ascona,5515
5095,Brione (Verzasca),175
5096,Brione sopra Minusio,495
5097,Brissago,1773
51,Bachenbülach,4087
5102,Corippo,14
5105,Frasco,107
5108,Gordola,4568
5112,Lavertezzo,1318
5113,Locarno,16122
5115,Losone,6612
5117,Mergoscia,216
5118,Minusio,7268
5120,Muralto,2686
5121,Orselina,767
5125,Ronco sopra Ascona,603
5129,Sonogno,87
5131,Tenero-Contra,3040
5135,Vogorno,272
5136,Onsernone,698
5138,Cugnasco-Gerra,2909
5141,Agno,4518
5143,Aranno,368
5144,Arogno,1004
5146,Astano,305
5148,Bedano,1574
5149,Bedigliora,644
5151,Bioggio,2648
5154,Bissone,905
5160,Brusino Arsizio,495
5161,Cademario,791
5162,Cadempino,1520
5167,Canobbio,2121
5171,Caslano,4373
5176,Comano,2083
5178,Croglio,875
5180,Cureglia,1359
5181,Curio,546
5186,Grancia,526
5187,Gravesano,1299
5189,Lamone,1785
5192,Lugano,63932
5193,Magliaso,1594
5194,Manno,1318
5195,Maroggia,664
5196,Massagno,6195
5197,Melano,1457
5198,Melide,1806
5199,Mezzovico-Vira,1375
52,Bassersdorf,11616
5200,Miglieglia,308
5202,Monteggio,896
5203,Morcote,755
5205,Muzzano,804
5206,Neggio,331
5207,Novaggio,843
5208,Origlio,1466
5210,Paradiso,4152
5212,Ponte Capriasca,1884
5213,Ponte Tresa,813
5214,Porza,1612
5216,Pura,1398
5219,Rovio,834
5221,Savosa,2212
5222,Sessa,703
5225,Sorengo,1783
5226,Capriasca,6603
5227,Torricella-Taverne,3066
5230,Vernate,582
5231,Vezia,1971
5233,Vico Morcote,382
5236,Collina d'Oro,4656
5237,Alto Malcantone,1414
5238,Monteceneri,4655
5242,Balerna,3385
5249,Castel San Pietro,2131
5250,Chiasso,8331
5251,Coldrerio,2892
5254,Mendrisio,15110
5257,Morbio Inferiore,4597
5260,Novazzano,2398
5263,Riva San Vitale,2627
5266,Stabio,4627
5268,Vacallo,3407
5269,Breggia,2059
5281,Biasca,6176
5282,Claro,2921
5283,Cresciano,723
5284,Iragna,561
5285,Lodrino,1779
5286,Osogna,1069
53,Bülach,19611
5304,Gurin,55
5307,Campo (Vallemaggia),56
5309,Cerentino,51
5310,Cevio,1177
5315,Linescio,45
5317,Maggia,2592
5323,Lavizzara,569
5324,Avegno Gordevio,1479
533,Bätterkinden,3242
535,Deisswil bei Münchenbuchsee,86
536,Diemerswil,199
538,Fraubrunnen,4962
5396,Terre di Pedemonte,2608
5397,Centovalli,1183
5398,Gambarogno,5154
54,Dietlikon,7568
540,Jegenstorf,5710
5401,Aigle,9961
5402,Bex,7608
5403,Chessel,395
5404,Corbeyrier,440
5405,Gryon,1375
5406,Lavey-Morcles,926
5407,Leysin,4172
5408,Noville,1058
5409,Ollon,7503
541,Iffwil,422
5410,Ormont-Dessous,1104
5411,Ormont-Dessus,1477
5412,Rennaz,853
5413,Roche (VD),1625
5414,Villeneuve (VD),5573
5415,Yvorne,1058
5421,Apples,1413
5422,Aubonne,3281
5423,Ballens,509
5424,Berolle,302
5425,Bière,1551
5426,Bougy-Villars,472
5427,Féchy,892
5428,Gimel,1951
5429,Longirod,458
543,Mattstetten,566
5430,Marchissy,435
5431,Mollens (VD),293
5432,Montherod,515
5434,Saint-George,992
5435,Saint-Livres,688
5436,Saint-Oyens,349
5437,Saubraz,424
544,Moosseedorf,3975
5451,Avenches,4166
5456,Cudrefin,1557
5458,Faoug,879
546,Münchenbuchsee,10122
5464,Vully-les-Lacs,2943
5471,Bettens,583
5472,Bournens,372
5473,Boussens,980
5474,La Chaux (Cossonay),422
5475,Chavannes-le-Veyron,143
5476,Chevilly,296
5477,Cossonay,3642
5478,Cottens (VD),484
5479,Cuarnens,481
5480,Daillens,958
5481,Dizy,222
5482,Eclépens,1036
5483,Ferreyres,316
5484,Gollion,901
5485,Grancy,408
5486,L'Isle,1031
5487,Lussery-Villars,460
5488,Mauraz,53
5489,Mex (VD),709
5490,Moiry,304
5491,Mont-la-Ville,400
5492,Montricher,964
5493,Orny,370
5494,Pampigny,1118
5495,Penthalaz,3247
5496,Penthaz,1698
5497,Pompaples,860
5498,La Sarraz,2586
5499,Senarclens,459
55,Eglisau,5167
5500,Sévery,242
5501,Sullens,976
5503,Vufflens-la-Ville,1252
551,Urtenen-Schönbühl,6216
5511,Assens,1058
5512,Bercher,1157
5513,Bioley-Orjulaz,477
5514,Bottens,1245
5515,Bretigny-sur-Morrens,818
5516,Cugy (VD),2730
5518,Echallens,5687
552,Utzenstorf,4253
5520,Essertines-sur-Yverdon,944
5521,Etagnières,1120
5522,Fey,697
5523,Froideville,2462
5527,Morrens (VD),1075
5529,Oulens-sous-Echallens,562
553,Wiggiswil,98
5530,Pailly,534
5531,Penthéréaz,412
5533,Poliez-Pittet,844
5534,Rueyres,270
5535,Saint-Barthélemy (VD),778
5537,Villars-le-Terroir,1066
5539,Vuarrens,988
554,Wiler bei Utzenstorf,925
5540,Montilliez,1694
5541,Goumoëns,1050
5551,Bonvillars,493
5552,Bullet,629
5553,Champagne,1028
5554,Concise,961
5555,Corcelles-près-Concise,381
5556,Fiez,427
5557,Fontaines-sur-Grandson,200
5559,Giez,412
556,Zielebach,312
5560,Grandevent,232
5561,Grandson,3316
5562,Mauborget,123
5563,Mutrux,162
5564,Novalles,101
5565,Onnens (VD),500
5566,Provence,390
5568,Sainte-Croix,4912
557,Zuzwil (BE),572
5571,Tévenon,790
5581,Belmont-sur-Lausanne,3555
5582,Cheseaux-sur-Lausanne,4366
5583,Crissier,7869
5584,Epalinges,9326
5585,Jouxtens-Mézery,1447
5586,Lausanne,137810
5587,Le Mont-sur-Lausanne,7888
5588,Paudex,1478
5589,Prilly,12063
5590,Pully,17972
5591,Renens (VD),20523
5592,Romanel-sur-Lausanne,3345
56,Embrach,9189
5601,Chexbres,2253
5604,Forel (Lavaux),2075
5606,Lutry,9891
5607,Puidoux,2863
5609,Rivaz,358
561,Adelboden,3370
5610,Saint-Saphorin (Lavaux),393
5611,Savigny,3312
5613,Bourg-en-Lavaux,5290
562,Aeschi bei Spiez,2232
5621,Aclens,521
5622,Bremblens,517
5623,Buchillon,622
5624,Bussigny,8268
5625,Bussy-Chardonney,370
5627,Chavannes-près-Renens,7585
5628,Chigny,341
5629,Clarmont,175
563,Frutigen,6894
5631,Denens,767
5632,Denges,1625
5633,Echandens,2738
5634,Echichens,2642
5635,Ecublens (VD),12342
5636,Etoy,2916
5637,Lavigny,1007
5638,Lonay,2528
5639,Lully (VD),787
564,Kandergrund,798
5640,Lussy-sur-Morges,645
5642,Morges,15889
5643,Préverenges,5292
5644,Reverolle,371
5645,Romanel-sur-Morges,478
5646,Saint-Prex,5687
5648,Saint-Sulpice (VD),4148
5649,Tolochenaz,1866
565,Kandersteg,1283
5650,Vaux-sur-Morges,199
5651,Villars-Sainte-Croix,845
5652,Villars-sous-Yens,594
5653,Vufflens-le-Château,843
5654,Vullierens,460
5655,Yens,1382
566,Krattigen,1124
5661,Boulens,368
5662,Brenles,137
5663,Bussy-sur-Moudon,208
5665,Chavannes-sur-Moudon,223
5666,Chesalles-sur-Moudon,194
5668,Cremin,59
5669,Curtilles,309
567,Reichenbach im Kandertal,3604
5671,Dompierre (VD),242
5672,Forel-sur-Lucens,152
5673,Hermenches,379
5674,Lovatens,143
5675,Lucens,3445
5678,Moudon,6114
5680,Ogens,295
5683,Prévonloup,166
5684,Rossenges,60
5686,Sarzens,82
5688,Syens,146
5690,Villars-le-Comte,143
5692,Vucherens,557
5693,Montanaire,2494
57,Freienstein-Teufen,2342
5701,Arnex-sur-Nyon,223
5702,Arzier-Le Muids,2629
5703,Bassins,1317
5704,Begnins,1884
5705,Bogis-Bossey,900
5706,Borex,1121
5707,Chavannes-de-Bogis,1305
5708,Chavannes-des-Bois,938
5709,Chéserex,1237
571,Beatenberg,1208
5710,Coinsins,491
5711,Commugny,2824
5712,Coppet,3151
5713,Crans-près-Céligny,2193
5714,Crassier,1201
5715,Duillier,1070
5716,Eysins,1521
5717,Founex,3720
5718,Genolier,1930
5719,Gingins,1210
572,Bönigen,2531
5720,Givrins,1020
5721,Gland,12997
5722,Grens,380
5723,Mies,1989
5724,Nyon,20272
5725,Prangins,4062
5726,La Rippe,1158
5727,Saint-Cergue,2497
5728,Signy-Avenex,542
5729,Tannay,1553
573,Brienz (BE),3080
5730,Trélex,1446
5731,Le Vaud,1265
5732,Vich,980
574,Brienzwiler,493
5741,L'Abergement,240
5742,Agiez,291
5743,Arnex-sur-Orbe,630
5744,Ballaigues,1114
5745,Baulmes,1057
5746,Bavois,940
5747,Bofflens,188
5748,Bretonnières,258
5749,Chavornay,4306
575,Därligen,429
5750,Les Clées,176
5751,Corcelles-sur-Chavornay,357
5752,Croy,351
5754,Juriens,303
5755,Lignerolle,405
5756,Montcherand,471
5757,Orbe,6903
5758,La Praz,159
5759,Premier,196
576,Grindelwald,3818
5760,Rances,472
5761,Romainmôtier-Envy,547
5762,Sergey,141
5763,Valeyres-sous-Rances,625
5764,Vallorbe,3750
5765,Vaulion,492
5766,Vuiteboeuf,562
577,Gsteigwiler,398
578,Gündlischwand,317
5785,Corcelles-le-Jorat,427
5788,Essertes,335
579,Habkern,650
5790,Maracon,449
5792,Montpreveyres,621
5798,Ropraz,439
5799,Servion,1919
58,Glattfelden,5069
580,Hofstetten bei Brienz,538
5803,Vulliens,466
5804,Jorat-Menthue,1542
5805,Oron,5423
5806,Jorat-Mézières,2815
581,Interlaken,5673
5812,Champtauroz,130
5813,Chevroux,446
5816,Corcelles-près-Payerne,2381
5817,Grandcour,889
5819,Henniez,334
582,Iseltwald,433
5821,Missy,359
5822,Payerne,9486
5827,Trey,262
5828,Treytorrens (Payerne),131
5830,Villarzel,423
5831,Valbroye,2962
584,Lauterbrunnen,2406
5841,Château-d'Oex,3474
5842,Rossinière,544
5843,Rougemont,895
585,Leissigen,1036
5851,Allaman,435
5852,Bursinel,487
5853,Bursins,768
5854,Burtigny,359
5855,Dully,638
5856,Essertines-sur-Rolle,695
5857,Gilly,1235
5858,Luins,624
5859,Mont-sur-Rolle,2693
586,Lütschental,227
5860,Perroy,1459
5861,Rolle,6168
5862,Tartegnin,236
5863,Vinzel,352
587,Matten bei Interlaken,4040
5871,L'Abbaye,1467
5872,Le Chenit,4670
5873,Le Lieu,873
588,Niederried bei Interlaken,354
5881,Blonay,6125
5882,Chardonne,2908
5883,Corseaux,2220
5884,Corsier-sur-Vevey,3420
5885,Jongny,1488
5886,Montreux,26629
5888,Saint-Légier-La Chiésaz,5126
5889,La Tour-de-Peilz,11652
589,Oberried am Brienzersee,457
5890,Vevey,19780
5891,Veytaux,874
59,Hochfelden,1962
590,Ringgenberg (BE),2687
5902,Belmont-sur-Yverdon,368
5903,Bioley-Magnoux,230
5904,Chamblon,547
5905,Champvent,651
5907,Chavannes-le-Chêne,300
5908,Chêne-Pâquier,139
5909,Cheseaux-Noréaz,669
591,Saxeten,98
5910,Cronay,376
5911,Cuarny,238
5912,Démoret,126
5913,Donneloye,782
5914,Ependes (VD),351
5915,Essert-Pittet,170
5919,Mathod,616
592,Schwanden bei Brienz,582
5921,Molondin,218
5922,Montagny-près-Yverdon,734
5923,Oppens,186
5924,Orges,292
5925,Orzens,201
5926,Pomy,760
5928,Rovray,171
5929,Suchy,606
593,Unterseen,5757
5930,Suscévaz,199
5931,Treycovagnes,445
5932,Ursins,210
5933,Valeyres-sous-Montagny,692
5934,Valeyres-sous-Ursins,247
5935,Villars-Epeney,105
5937,Vugelles-La Mothe,134
5938,Yverdon-les-Bains,29977
5939,Yvonand,3250
594,Wilderswil,2662
6,Kappel am Albis,1110
60,Höri,2706
6002,Brig-Glis,13158
6004,Eggerberg,341
6007,Naters,9951
6008,Ried-Brig,2077
6009,Simplon,309
6010,Termen,891
6011,Zwischbergen,78
602,Arni (BE),917
6021,Ardon,3076
6022,Chamoson,3721
6023,Conthey,8674
6024,Nendaz,6476
6025,Vétroz,6135
603,Biglen,1749
6031,Bagnes,8073
6032,Bourg-Saint-Pierre,182
6033,Liddes,755
6034,Orsières,3220
6035,Sembrancher,1011
6036,Vollèges,1942
605,Bowil,1388
6052,Bellwald,395
6054,Binn,144
6055,Blitzingen,74
6056,Ernen,509
6057,Fiesch,901
6058,Fieschertal,321
606,Brenzikofen,495
6061,Lax,295
6064,Niederwald,45
607,Freimettigen,484
6073,Grafschaft,210
6074,Münster-Geschinen,441
6075,Reckingen-Gluringen,436
6076,Obergoms,650
608,Grosshöchstetten,3517
6081,Les Agettes,354
6082,Ayent,3935
6083,Evolène,1697
6084,Hérémence,1377
6087,Saint-Martin (VS),837
6089,Vex,1813
609,Häutligen,255
6090,Mont-Noble,1056
61,Hüntwangen,1025
610,Herbligen,587
6101,Agarn,764
6102,Albinen,241
6104,Ergisch,186
6109,Inden,110
611,Kiesen,937
6110,Leuk,3947
6111,Leukerbad,1433
6112,Oberems,123
6113,Salgesch,1470
6116,Varen,619
6117,Guttet-Feschel,421
6118,Gampel-Bratsch,1965
6119,Turtmann-Unterems,1108
612,Konolfingen,5280
613,Landiswil,624
6131,Bovernier,880
6132,Charrat,1734
6133,Fully,8622
6134,Isérables,830
6135,Leytron,3135
6136,Martigny,17998
6137,Martigny-Combe,2305
6139,Riddes,3035
614,Linden,1287
6140,Saillon,2541
6141,Saxon,5645
6142,Trient,174
615,Mirchel,622
6151,Champéry,1324
6152,Collombey-Muraz,8863
6153,Monthey,17573
6154,Port-Valais,3937
6155,Saint-Gingolph,905
6156,Troistorrents,4568
6157,Val-d'Illiez,1902
6158,Vionnaz,2594
6159,Vouvry,4052
616,Münsingen,11998
617,Niederhünigen,612
6172,Bister,30
6173,Bitsch,932
6177,Grengiols,432
6181,Riederalp,488
619,Oberdiessbach,3496
6191,Ausserberg,622
6192,Blatten,293
6193,Bürchen,728
6194,Eischoll,443
6195,Ferden,250
6197,Kippel,340
6198,Niedergesteln,696
6199,Raron,1936
62,Kloten,19086
620,Oberthal,727
6201,Unterbäch,412
6202,Wiler (Lötschen),570
6203,Mörel-Filet,681
6204,Steg-Hohtenn,1565
6205,Bettmeralp,442
6211,Collonges,750
6212,Dorénaz,911
6213,Evionnaz,1234
6214,Finhaut,419
6215,Massongex,1823
6217,Saint-Maurice,4566
6218,Salvan,1394
6219,Vernayaz,1881
622,Oppligen,654
6220,Vérossaz,735
623,Rubigen,2994
6232,Chalais,3466
6234,Chermignon,3092
6235,Chippis,1615
6238,Grône,2415
6239,Icogne,566
624,Schlosswil,632
6240,Lens,4047
6241,Miège,1354
6242,Mollens (VS),954
6243,Montana,2386
6244,Randogne,4279
6246,Saint-Léonard,2263
6248,Sierre,16817
6249,Venthône,1251
625,Tägertschi,398
6250,Veyras,1804
6252,Anniviers,2719
626,Walkringen,1799
6261,Arbaz,1219
6263,Grimisuat,3279
6265,Savièse,7532
6266,Sion,33999
6267,Veysonnaz,611
627,Worb,11473
628,Zäziwil,1637
6281,Baltschieder,1308
6282,Eisten,201
6283,Embd,300
6285,Grächen,1313
6286,Lalden,661
6287,Randa,444
6288,Saas-Almagell,386
6289,Saas-Balen,366
629,Oberhünigen,318
6290,Saas-Fee,1636
6291,Saas-Grund,1023
6292,St. Niklaus,2265
6293,Stalden (VS),1119
6294,Staldenried,558
6295,Täsch,1237
6296,Törbel,471
6297,Visp,7726
6298,Visperterminen,1363
6299,Zeneggen,280
63,Lufingen,2210
630,Allmendingen,577
6300,Zermatt,5714
632,Wichtrach,4233
64,Nürensdorf,5600
6402,Bevaix,3829
6404,Boudry,5846
6407,Corcelles-Cormondrèche,4732
6408,Cortaillod,4777
6409,Fresens,248
6410,Gorgier,2014
6411,Montalchez,239
6412,Peseux,5926
6413,Rochefort,1237
6414,Saint-Aubin-Sauges,2465
6415,Vaumarcus,273
6416,Milvignes,8986
6421,La Chaux-de-Fonds,38965
6422,Les Planchettes,205
6423,La Sagne,958
6431,Les Brenets,1041
6432,La Brévine,632
6433,Brot-Plamboz,268
6434,Le Cerneux-Péquignot,329
6435,La Chaux-du-Milieu,499
6436,Le Locle,10433
6437,Les Ponts-de-Martel,1294
6451,Cornaux,1594
6452,Cressier (NE),1921
6453,Enges,274
6454,Hauterive (NE),2639
6455,Le Landeron,4559
6456,Lignières,965
6458,Neuchâtel,33772
6459,Saint-Blaise,3232
6461,La Tène,4967
6485,Valangin,506
6487,Val-de-Ruz,16832
65,Oberembrach,1069
6504,La Côte-aux-Fées,454
6511,Les Verrières,706
6512,Val-de-Travers,10950
66,Opfikon,19599
6601,Aire-la-Ville,1163
6602,Anières,2495
6603,Avully,1761
6604,Avusy,1405
6605,Bardonnex,2244
6606,Bellevue,3348
6607,Bernex,10045
6608,Carouge (GE),21868
6609,Cartigny,894
661,Clavaleyres,49
6610,Céligny,766
6611,Chancy,1647
6612,Chêne-Bougeries,11489
6613,Chêne-Bourg,8559
6614,Choulex,1115
6615,Collex-Bossy,1671
6616,Collonge-Bellerive,8067
6617,Cologny,5461
6618,Confignon,4587
6619,Corsier (GE),2029
662,Ferenbalm,1262
6620,Dardagny,1782
6621,Genève,198979
6622,Genthod,2721
6623,Le Grand-Saconnex,12075
6624,Gy,483
6625,Hermance,1014
6626,Jussy,1264
6627,Laconnex,654
6628,Lancy,31661
6629,Meinier,2146
663,Frauenkappelen,1218
6630,Meyrin,23044
6631,Onex,18825
6632,Perly-Certoux,3028
6633,Plan-les-Ouates,10571
6634,Pregny-Chambésy,3794
6635,Presinge,649
6636,Puplinge,2345
6637,Russin,540
6638,Satigny,4102
6639,Soral,767
664,Golaten,309
6640,Thônex,13906
6641,Troinex,2274
6642,Vandoeuvres,2521
6643,Vernier,34983
6644,Versoix,13247
6645,Veyrier,11535
665,Gurbrü,247
666,Kriechenwil,421
667,Laupen,3125
668,Mühleberg,2843
669,Münchenwiler,495
67,Rafz,4400
670,Neuenegg,5436
6702,Boécourt,916
6703,Bourrignon,267
6704,Châtillon (JU),483
6705,Corban,465
6706,Courchapoix,444
6708,Courrendlin,2882
6709,Courroux,3256
671,Wileroltigen,372
6710,Courtételle,2547
6711,Delémont,12562
6712,Develier,1408
6713,Ederswiler,112
6715,Mervelier,490
6716,Mettembert,112
6718,Movelier,391
6719,Pleigne,344
6720,Rebeuvelier,379
6721,Rossemaison,653
6722,Saulcy,249
6724,Soyhières,462
6728,Vellerat,71
6729,Haute-Sorne,6908
6730,Val Terbi,2641
6741,Le Bémont (JU),314
6742,Les Bois,1219
6743,Les Breuleux,1511
6744,La Chaux-des-Breuleux,100
6745,Les Enfers,142
6748,Les Genevez (JU),502
6750,Lajoux (JU),669
6751,Montfaucon,629
6753,Muriaux,504
6754,Le Noirmont,1845
6757,Saignelégier,2556
6758,Saint-Brais,228
6759,Soubey,134
6771,Alle,1817
6773,Beurnevésin,127
6774,Boncourt,1205
6775,Bonfol,665
6778,Bure,685
6781,Coeuve,732
6782,Cornol,1050
6783,Courchavon,293
6784,Courgenay,2295
6785,Courtedoux,761
6787,Damphreux,178
6789,Fahy,365
6790,Fontenais,1686
6792,Grandfontaine,397
6793,Lugnez,182
68,Rorbas,2814
6800,Porrentruy,6876
6803,Rocourt,157
6806,Vendlincourt,557
6807,Basse-Allaine,1225
6808,Clos du Doubs,1321
6809,Haute-Ajoie,941
681,Belprahon,302
6810,La Baroche,1212
683,Champoz,159
687,Corcelles (BE),203
69,Wallisellen,15934
690,Court,1408
691,Crémines,532
692,Eschert,389
694,Grandval,387
696,Loveresse,326
7,Knonau,2168
70,Wasterkingen,562
700,Moutier,7586
701,Perrefitte,450
703,Reconvilier,2347
704,Roches (BE),210
706,Saicourt,616
707,Saules (BE),157
708,Schelten,37
709,Seehof,65
71,Wil (ZH),1372
711,Sorvilier,285
713,Tavannes,3597
715,Rebévelier,43
716,Petit-Val,410
717,Valbirse,4032
72,Winkel,4391
723,La Neuveville,3693
724,Nods,740
726,Plateau de Diesse,2050
731,Aegerten,2011
732,Bellmund,1619
733,Brügg,4283
734,Bühl,438
735,Epsach,326
736,Hagneck,413
737,Hermrigen,312
738,Jens,676
739,Ipsach,4015
740,Ligerz,550
741,Merzligen,405
742,Mörigen,858
743,Nidau,6891
744,Orpund,2727
745,Port,3532
746,Safnern,1912
747,Scheuren,451
748,Schwadernau,673
749,Studen (BE),3256
750,Sutz-Lattrigen,1390
751,Täuffelen,2805
754,Walperswil,981
755,Worben,2259
756,Twann-Tüscherz,1154
761,Därstetten,851
762,Diemtigen,2175
763,Erlenbach im Simmental,1718
766,Oberwil im Simmental,799
767,Reutigen,988
768,Spiez,12713
769,Wimmis,2463
770,Stocken-Höfen,992
782,Guttannen,267
783,Hasliberg,1193
784,Innertkirchen,1087
785,Meiringen,4692
786,Schattenhalb,585
791,Boltigen,1294
792,Lenk,2358
793,St. Stephan,1325
794,Zweisimmen,3035
8,Maschwanden,626
81,Bachs,605
82,Boppelsen,1327
83,Buchs (ZH),6359
84,Dällikon,4080
841,Gsteig,981
842,Lauenen,835
843,Saanen,6882
85,Dänikon,1884
852,Guggisberg,1586
853,Rüschegg,1617
855,Schwarzenburg,6887
86,Dielsdorf,5992
861,Belp,11534
863,Burgistein,1070
865,Gelterfingen,286
866,Gerzensee,1193
867,Gurzelen,855
868,Jaberg,270
869,Kaufdorf,1066
87,Hüttikon,920
870,Kehrsatz,4258
872,Kirchdorf (BE),963
873,Kirchenthurnen,280
874,Lohnstorf,229
875,Mühledorf (BE),264
876,Mühlethurnen,1385
877,Niedermuhlern,474
878,Noflen,299
879,Riggisberg,2456
88,Neerach,3128
880,Rüeggisberg,1819
881,Rümligen,434
883,Seftigen,2194
884,Toffen,2553
885,Uttigen,1959
886,Wattenwil,2869
888,Wald (BE),1183
89,Niederglatt,4914
9,Mettmenstetten,4861
90,Niederhasli,9195
901,Eggiwil,2458
902,Langnau im Emmental,9241
903,Lauperswil,2604
904,Röthenbach im Emmental,1183
905,Rüderswil,2369
906,Schangnau,909
907,Signau,2737
908,Trub,1350
909,Trubschachen,1448
91,Niederweningen,2930
92,Oberglatt,6981
921,Amsoldingen,802
922,Blumenstein,1209
923,Buchholterberg,1544
924,Eriz,492
925,Fahrni,802
927,Heiligenschwendi,691
928,Heimberg,6691
929,Hilterfingen,4077
93,Oberweningen,1786
931,Homberg,511
932,Horrenbach-Buchen,236
934,Oberhofen am Thunersee,2423
935,Oberlangenegg,475
936,Pohlern,257
937,Schwendibach,247
938,Sigriswil,4759
939,Steffisburg,15783
94,Otelfingen,2837
940,Teuffenthal (BE),156
941,Thierachern,2426
942,Thun,43568
943,Uebeschi,667
944,Uetendorf,6006
945,Unterlangenegg,973
946,Wachseldorn,233
947,Zwieselberg,319
948,Forst-Längenbühl,781
95,Regensberg,472
951,Affoltern im Emmental,1133
952,Dürrenroth,1061
953,Eriswil,1407
954,Huttwil,4835
955,Lützelflüh,4092
956,Rüegsau,3202
957,Sumiswald,5021
958,Trachselwald,971
959,Walterswil (BE),546
96,Regensdorf,18191
960,Wyssachen,1146
97,Rümlang,8026
971,Attiswil,1428
972,Berken,43
973,Bettenhausen,645
975,Farnern,208
976,Graben,335
977,Heimenhausen,1099
979,Herzogenbuchsee,6998
98,Schleinikon,726
980,Inkwil,617
981,Niederbipp,4647
982,Niederönz,1694
983,Oberbipp,1701
985,Ochlenberg,561
987,Rumisberg,479
988,Seeberg,1573
989,Thörigen,1117
99,Schöfflisdorf,1394
990,Walliswil bei Niederbipp,211
991,Walliswil bei Wangen,594
992,Wangen an der Aare,2305
993,Wangenried,426
995,Wiedlisbach,2325
996,Wolfisberg,184
